Velocity,Angle,Gravity,AirResistance,Range
84.24442115222176,27.431237897437658,9.521246085238928,0.08057843878352279,562.3756208153349
33.49938108545324,19.255730222674202,10.298636326599588,0.042422413159681926,65.03224969025212
84.01121816808288,64.44453032967053,10.460262382741329,0.060829429908960675,494.19267033382204
95.4193622702482,13.03257485031965,9.625474885679749,0.014373276943349757,409.6958980352409
27.634278070896524,54.648544301798815,10.28059582269757,0.04316979386437192,67.14562126296336
98.86966173833167,49.79031880540703,10.492583909508436,0.01740423933182942,902.7864826676141
77.73942341111477,19.023059793721178,9.84992633775204,0.05009426984499378,359.65245819207126
47.67736662808255,73.05449192632187,10.363240809101976,0.004299162883152852,121.7856847816783
81.09369248016178,18.03934062105988,9.813118523384137,0.08539090448773845,362.3436672167891
62.988286168345816,61.22448878152549,10.224316854454186,0.08699380014829368,300.17857323333027
69.72967657971523,43.7191705535914,9.981123586984102,0.02096527525695049,476.55887154616664
70.05102621709611,45.127131241664785,9.913278999823817,0.08344474707774925,455.3735538712392
85.98367833850574,21.67794460020412,9.607549565283225,0.07743705188543969,488.9305050141168
96.81197929619543,23.96806442069279,9.772783798070781,0.007255851726420981,706.8475925789422
15.033233850777771,33.14102249892883,10.364737030284033,0.06101966059053229,18.78113099496985
84.50827573890682,73.36105998448429,9.952354851515247,0.06849433754333066,367.6723369516678
31.502925112931088,59.43475324059949,9.834055991616998,0.041899785749890485,84.74972681464946
96.40014503191675,12.926616827294568,9.994493276106711,0.031067612865552333,393.0571690676428
44.404768469457004,34.24574835066913,10.305466853899288,0.07314827471133412,165.45357843594218
29.692591740804296,48.21960834610133,10.268445729335506,0.08937011455305724,78.02433595759778
18.036231851698208,39.7994311300197,9.7575340626951,0.018197777220048828,32.19976402129862
43.59472590147007,68.09928571466101,10.393429304946277,0.03709434775918661,121.95690586548363
85.2871878854644,34.648566589375356,9.510621553005194,0.07558357552942273,663.350034233882
92.67112999143146,71.14217231940853,9.814402328754902,0.017060497712628842,526.2413098413409
55.00925507755175,53.361822038723275,9.509591739318743,0.004900169338137961,303.2583464643367
96.07049772979157,70.06466972601837,9.90562954263274,0.09086032295901857,545.4240825263449
50.88211459757813,61.52420093331852,9.74310608778414,0.0402843827583137,213.93927234837454
46.29358233182031,11.506728239124966,9.699770004261566,0.03347391701307524,83.53352920614752
78.45326468319146,22.581908826531897,10.243061158719904,0.09621198865904279,387.01795577248254
56.164103986307836,65.72001011771113,10.049717799278667,0.0651633685023507,220.45586650826863
41.941203787745835,58.562681685732215,9.543015022100091,0.050731382874636625,155.94060644004009
42.115969279034715,56.217271842595636,9.755010294660826,0.0346765157990811,162.34038631140868
18.604342561887925,25.623526724633752,9.782202611752005,0.030906633968880427,26.753571940476412
82.0707624353379,76.41173038444235,10.375316253860857,0.0665765965868805,277.41171843330125
20.19150286700159,25.80487491702152,10.111236417495215,0.0766093204819924,29.272971166709567
75.72350951067078,48.69012737794808,10.387064818201393,0.05400861423494541,518.6806887176085
47.276138031350804,58.396719873481004,9.700083105385174,0.04487071803296924,196.6511637360302
60.56137182981147,75.58678417410984,10.442439313506924,0.03640665102979427,163.29297810171076
23.720094710282602,54.25121614460199,10.076847012017797,0.08250046346911868,48.75611480961683
27.78197813021874,77.21083315968083,9.972439538028361,0.04115626430222326,32.06845123646371
95.72449316757535,20.74668109084295,9.676202097292293,0.0129958946831781,619.3054059909485
98.92558303771676,42.965289399213816,9.839197583988664,0.07128137229210818,923.855656770791
86.24825602923467,73.96876144992626,9.523849746699012,2.5138116853540284e-05,414.61389156310577
24.339471549966305,63.29946300190737,10.462966175874728,0.009304034023686647,45.03494540432331
52.8309667781706,28.421922457816464,10.02146383735649,0.044871210350059254,222.93542186434644
85.24286947271844,56.51872429005897,9.697022996122518,0.029742125782889664,669.3701453490794
51.80399119382727,77.58585771584856,9.960695217296651,0.09052735206976004,103.33972576490575
33.09904020705304,30.944391002206796,9.62241817564694,0.09193021676201295,91.60252065472919
64.09441737900798,46.58545389146317,9.542964110643373,0.040290280467413245,412.8514819202546
91.01914729749926,66.42531283182663,10.037631779201687,0.00928554931144857,599.4902719902266
74.62732212581695,74.63263035672502,10.026468645908452,0.04169204991591281,272.2804871464226
53.26577423703902,72.61001168148971,10.415934456967776,0.09490253420558502,141.31307397818134
36.869605482024,41.214681053177195,10.37003463563795,0.012012603256740074,128.39186488930986
93.6536638719748,62.00488208017528,10.466688058679615,0.08762130748306429,636.3720496043554
63.24823372577903,71.10455920290599,9.831857724554624,0.07317350629804861,231.73299201552734
78.22604358733754,13.60029903470597,10.312346738690351,0.06723606140430737,253.60805664429543
24.555898151971284,69.45721595095193,10.130738701438933,0.03975132055348293,37.59193402453819
37.84029296378505,78.23433969756529,9.54714969270111,0.07073917119481986,55.790324473737016
50.683654056410525,78.77713824792197,10.403779291226902,0.03773611993488556,90.78230727315
42.04315967368171,20.02959793213572,9.944297178829661,0.0847672750536521,105.10038632850575
37.0204249508874,14.330126288080397,10.361034805217141,0.03871801554458148,61.03195748560715
33.11235437883562,68.88864517447772,10.093868692011926,0.013253076398266606,72.03526504783737
59.341592100622364,60.05120294086873,10.080351185627165,0.0824037927366364,278.31509796169956
21.59404904558104,60.70510138753049,10.341185919242854,0.07856340124559108,35.576262920051434
54.231526807154914,69.08864823905986,9.686908379797933,0.04311851703720218,193.91260605574607
69.20152667942992,55.39943074160909,9.954215623514173,0.04193656100255521,431.2661788507639
45.43164740485992,31.838022438683026,9.567216622242567,0.07401793803496819,179.57245208040814
91.23319766782706,66.2140277572791,10.307508450320405,0.07982747482887488,550.3176222870678
20.68958395767411,68.85078870431991,9.81693239165032,0.025610716597301755,28.603232819054192
46.895298122312596,68.40493964094445,9.658505054836183,0.015737162965286055,153.4043623054129
60.28192540012345,42.335253553727085,10.120139461221129,0.005372816027693728,355.60907210716346
24.393710039133857,47.38556285954238,9.612184597576299,0.04566467329637813,58.937839256565496
57.11092436259301,20.669965989593855,9.634420751113465,0.010302395871119974,221.32364804140772
24.287391263084015,26.96680864456337,10.261336392828667,0.01899793205702184,45.5930598093154
72.83313096950076,10.759806730061666,9.993398898841168,0.07537213751820121,180.57752275111986
32.48005977644055,41.98994859641044,9.874474852288369,0.009134230877943673,105.28124015212087
94.43052762699749,37.54052302204952,9.78612302213568,0.0857148448426181,808.158594937835
77.41809186705747,23.566662112855127,10.209277605877404,0.09727145989128054,390.40296254512737
19.32113866817332,16.57419061420734,9.915882962742716,0.07756048664707038,19.0495938749213
27.007760541283655,59.71928485057099,10.391071867769153,0.019108798135062555,59.97604779271765
53.7636342795353,66.20059410374067,9.895605969661615,0.04427304691884362,206.35895219197454
87.52876964052825,55.88625377788123,9.796200217566671,0.031603711861834465,703.6833052133343
19.704213110092017,17.495534770150826,9.728763370476331,0.04016457463498951,21.98426295259838
12.9612872986421,49.40701917058702,10.226152380394934,0.06500349908027135,15.212275772869432
45.97321161081442,63.927781807931,10.417256985799138,0.05448820295225705,151.6972357451509
46.68542759099281,61.70862041219712,10.100516034478192,0.02614868950667684,175.46238561222225
98.25134016880168,24.857208861957872,9.689402020179452,0.0038974014960237893,757.0346173786874
52.32744302828092,30.565886027209178,10.070805434842622,0.03664853902704205,229.53555852448736
92.07959107313671,56.5502296331634,9.854508625678118,0.05702068194509077,747.5325238425827
14.591492236058205,40.590903042894524,10.099443400969596,0.04919178967624208,19.832351229126505
42.4172503125974,76.06515446809922,10.002284324514918,0.07982117404345046,77.6365938822618
67.90204116584653,54.11990218146219,9.582724171517393,0.08256567936927066,420.75604771309025
30.721673789289927,22.93737499187518,10.119019000446468,0.04136253244820143,64.23963923433307
37.69225925940752,61.58026127708262,9.738438522447002,0.06220440040348744,114.76218293127039
52.98995773208251,50.08598392779315,9.531331279192484,0.09586079335605435,263.4640528382204
43.49099802683771,60.57420612110543,9.985823569497738,0.08519482348312839,148.868527377412
26.457700630697207,63.823851691095605,10.394026662693637,0.08760497503035239,48.85165633733523
77.17275754754448,27.302680966605013,10.078230983289837,0.055320618216768064,455.7984813283806
35.94172438663423,44.2972312511918,10.016978893288416,0.06960476189495239,120.25451964613268
13.84940533781325,54.66812862083163,10.16017093265891,0.03365423791871699,17.223819235183754
93.1666051085964,54.22240378526282,9.6916829885936,0.08423107075755809,780.9740257727391
78.99749676419933,22.06971936627313,10.206177914043083,0.05494255284566007,403.0559809821157
89.49234996182706,39.16633817118374,9.935319955198525,0.09436759281430179,718.355436224532
37.40982337572848,47.75814132430846,10.460515407724442,0.030498868364031317,129.16855994045494
78.76619699767497,24.117171561710286,10.18196972204018,0.015914031411087482,447.304073017478
15.532267732322872,14.023663357757684,10.195186249355668,0.037102818359510195,10.721222659266866
40.2178126796109,10.889786777384074,10.491634792351098,0.03325262169008798,55.331097348988145
66.72459844627613,21.48228227357766,10.041741782896597,0.08579981642733148,277.32921284166616
40.10846343432796,59.41970493611316,10.407467203468073,0.03482728736628521,130.76558586244454
39.22841957178194,61.15910087340504,9.619457766256724,0.023588570294344437,132.0415625176019
20.221793334876118,10.288723356717115,9.618136152539122,0.06428380232854554,14.012721195911416
63.66450264171153,76.23423764336951,10.132177826992137,0.03942193540304595,177.76059096283504
33.19177768581444,11.249737547204834,9.716663324628364,0.02594404382810611,42.27723450207019
95.68294906039445,74.2849299617715,10.050928748837014,0.0013398627015856924,474.3520919897073
91.60287479173317,49.598480482188094,10.347387387652573,0.05331871304669464,758.9485103549183
63.658803025261534,33.71208222718293,9.791071611729253,0.05103681762370287,363.1604133970627
31.687445056013672,12.578484630221311,10.14019947380364,0.08613999466754417,38.61966856855443
52.01448499314839,66.62518035525748,9.653667029784188,0.013383414520469006,201.41601692177795
63.44222074499841,16.56739023798977,10.352664360594124,0.010980390637465743,210.19083425943325
63.106880563173746,23.139296297462174,10.387979029201578,0.021875012552524244,271.07258950030035
21.590366600862616,33.4462436550463,9.732146313703867,0.029756936265092238,42.76292390033154
15.072236187407587,73.05947245592685,9.521205531536426,0.0234350418987753,12.992948809874283
65.10006628758771,35.394643778749696,10.008191172232022,0.06728780912162695,373.8534319132525
88.38962936697588,13.678973773093347,10.105719004512347,0.04530787421033494,339.53876990160836
22.98959734670442,52.32941245987776,10.310167646641592,0.08499420884229819,45.55257737625233
25.32726470501185,27.423094283420433,9.83838022386643,0.0029857677986631194,53.14985775917096
33.71327597177006,43.17875214595966,9.596177501061332,0.0430605109252211,113.22034746762779
86.0725126997652,22.91023669557952,10.109614678812765,0.057064858820125165,496.39485372854733
79.48822980623513,32.76806835404608,9.889280671788834,0.03009700044162175,564.3098352591132
58.95511371901212,46.36978332113649,9.801308159048496,0.08084512731621472,326.7019224847081
93.59267103470813,45.98699463618827,9.85814802508925,0.003443281055540837,884.9834509693056
66.84051906665817,53.78784892871124,10.378358980689972,0.06970558138271123,382.7510250313992
11.112535621570718,41.491967113463865,10.074494848017402,0.04628201389278474,11.6155230274699
59.738820127940194,56.086058544975955,10.264039056784503,0.09947536798365504,291.49416038489505
56.907094351361266,77.42959263616443,10.26370572180892,0.0438549188969846,128.29584102073585
91.84650541913048,18.516642619519036,10.093883890552048,0.014951442768498403,495.87392613741986
56.51265897877735,64.09200167787176,10.053841116787392,0.07697742480666728,231.18915140510734
78.96175440960776,73.28840250356018,9.836063309865926,0.0746068784797406,324.05561871909833
93.32183561318412,35.93992634615982,10.48766036658338,0.015493595742223821,777.0849756118411
52.7695696375165,68.79345457886949,10.44507263256149,0.004601740284903577,178.98657994676853
26.88441680735405,25.24385056237406,9.6409230032833,0.09724262806605323,52.47831470108792
71.87540500639093,76.0887085898344,9.859566903410748,0.069203765760764,228.2015375979398
77.75426203486464,64.65759576189114,9.882785060452496,0.04305671932875957,453.34285987932117
36.83550398629499,65.52896274081228,9.832911179519723,0.018347873282255456,102.15991753401973
72.5474023887235,36.468676776593725,10.468184775063227,0.00960977410962719,476.0468950979812
64.09944244813443,32.534125618160374,10.049788180647477,0.015102960881823203,365.18172607912214
41.50862458260094,62.33972516260145,10.40744211507922,0.05770985022993466,128.50657250820885
64.27734623240931,27.77076275537992,10.075269810164176,0.03466973785849501,326.5969988139239
14.301735403640084,37.641463435968475,9.96714955284254,0.07044334306295066,18.49805583409675
39.429295146703815,32.68783766086416,10.411693519835554,0.09969546373802733,122.86032909292689
69.33180555749777,29.88727025719182,10.264872774411556,0.07965041401486497,373.6450141901608
99.25273823549878,75.02750910634069,10.406601592386696,0.09388954180866271,430.17705299737287
96.82698129695275,52.89347915441745,9.60195956243922,0.06603149810018537,879.5433140855283
63.39024545085976,14.298572129227551,9.715868123588644,0.017461225659521774,194.53434091260056
33.53168993516573,58.62528961373791,10.10749169006204,0.004731167234080402,98.42844953217465
62.52787602760423,30.00147163570582,10.300051590693629,0.07942949327242371,303.6376867021804
22.333694096850635,60.98213779495611,9.637328712116187,0.0034889441942079994,43.756119270403815
30.743969480404118,29.747486140439115,9.881485020607348,0.050943536624671826,78.31971623593795
51.050978721124565,17.76909886126962,10.212336041863654,0.006611007427866367,147.35727639286824
67.05761994085682,34.1520968130243,9.871212201371794,0.006334800154065401,420.59581448516116
54.56455232109241,77.3358144839389,9.750873221091842,0.07010673011722697,121.78030682096853
20.576248449797177,61.16739134198111,9.61405037022411,0.09943896272424918,33.68718180012974
90.65108446956373,16.43896679139144,9.554004598411979,0.030670522361892483,452.81541398264363
91.0260926730018,30.303395113704205,9.905816443371455,0.012309469801424978,719.8621507927157
75.52669834530639,52.3920930446123,10.47638766445713,0.051527464930580184,500.0231896889623
42.02275471291852,45.52027785063586,9.591590357689137,0.012569432558855466,181.78077642863485
62.410703919438404,44.076503124463166,10.108682421642031,0.011958155472743748,380.54371770847285
80.08331944988035,55.8378443174167,9.56345397259965,0.04464231359450687,595.9810109235777
62.57970806092068,73.89910608994651,9.8463768207727,0.07266068098088711,197.09807597870173
74.33019132123376,77.83130253457799,10.290688270999201,0.08589204077189955,203.0466628680001
64.20027910418634,50.65614440979195,10.46787970469771,0.03627315238374306,372.34166545896437
76.04934691541189,53.28144988850602,10.008327152496301,0.024772287071441024,540.339193479382
55.2469786596474,22.913893154255746,9.593602637261718,0.02493104797366459,222.57564709058317
95.04436232682417,27.838220066440304,10.379499096129416,0.07469992397102602,667.0285372118999
68.82010593739895,64.9390725103415,9.715077009161012,0.00952803131586213,370.57300518554763
14.830571691836628,20.05581286519671,9.861623069278274,0.016461005810563457,14.134886320770903
54.40965006020423,37.33108665872933,10.070916782042262,0.04452189325548267,271.14199757944675
80.71357270242126,14.46525443801143,10.47090013585681,0.0667213414738823,281.5477300010662
19.455933988083054,12.512732120096535,10.185843895588562,0.018952212790377267,15.425464597475058
59.42813609893892,11.268066655277668,10.234710896107789,0.011433452557365177,130.75052575678026
51.490641672933485,14.917615769143143,9.657801750470854,0.09552854663300706,124.13389988414087
49.22742906747169,70.62434786171036,9.63956219194668,0.017278305399463,154.66309028960308
19.754415060858413,75.32481925764368,10.191200451254897,0.09184410530283905,17.12156861622249
18.229311581597067,30.536700144287543,10.241235315133626,0.010282599932995108,28.109278969357707
11.797100928358923,13.761705680215798,9.75749018256005,0.06700809759087405,6.163927724597714
64.71399509162447,23.423369849755524,9.513786004760982,0.08512985264445506,294.9258756385694
86.17987121000893,37.037514845613444,9.915744995368376,0.05849480425881248,679.3391944515588
40.08213165999413,49.006782819343734,10.47644939979871,0.02019838621422042,148.81741789110262
96.78637846450663,12.173692321950998,10.307354244348929,0.04892878389632193,356.7889256510646
49.74570863756013,26.72084801822677,10.085664597920655,0.04215537736409302,188.95145185265824
15.89559566065665,24.40360882759167,10.341361294336963,0.07565713075685206,17.046048063521464
10.162210864728161,54.04749608321233,10.129357924760484,0.09083372093527546,8.849477255868836
31.63648714120771,73.61046706419144,9.54344679528414,0.09489759938568039,51.6388839139926
72.17870463568688,75.059389394339,10.338037123299474,0.05539102612418058,237.53680588141626
36.82428464521669,79.01976070840165,9.915884364852925,0.09158471501793145,46.665473110624376
26.35726941846733,13.326442611457646,10.122679974464068,0.0819287111217597,28.364042676581867
87.78972662870592,29.042649679909616,9.658686672278794,0.055784423110034356,640.5695309662316
83.40232342716719,62.82138923040177,9.60955715868023,0.08365900842618794,541.0436686992099
85.33401314835864,36.127043488391095,9.869949094792252,0.0017730882287265272,701.4339336786846
80.14905241552728,75.88069080798545,9.777572048103021,0.05412193297204626,294.4793571867828
31.776184231680023,53.23039773942408,10.14924324929427,0.0805291321017739,88.02810411023721
67.80860573746203,34.90060417214689,10.352056362194599,0.06248784723434789,391.5969423608042
26.922482363294634,31.050898123913232,10.311130123490035,0.007089226917751646,61.686401883620405
81.12515138064566,27.509062624320922,9.61925325736283,0.025642857626569995,546.3787701448223
91.92313608741463,50.23763221325257,9.779156655245163,0.003608249350107262,846.6073790153422
94.49317741306604,14.741193860497976,9.611086321930488,0.04382608818570445,437.6206230545483
72.6995586578619,14.277837455242656,10.150867645539032,0.046419694271313,237.59637566302374
90.93244579092185,18.42867587277871,9.714842468811574,0.09212290855634736,465.60532399569445
20.741198785840922,78.27545471853577,10.229531667274568,0.07092177537056348,15.589139529654343
65.00060794739079,37.83324067321844,10.340104974362625,0.07877967255423526,365.8999076885154
52.916692678321205,29.718926247287826,9.96908438497621,0.09631265127805227,219.65678519480366
38.99069006450482,57.697225894416796,9.941238032088574,0.08064574670119552,127.44603023017403
72.15556668951783,36.45324968523053,10.218530642169318,0.028654630029030948,473.2446242212505
53.202415193547225,15.304629013389683,10.077871916360785,0.0373544220421125,137.76623743415368
82.53106168366148,13.622889320589724,9.573466425342772,0.04336658884060899,311.9001225881176
64.1050269176176,63.49025369411989,10.333469796040257,0.06122758466928999,298.81824654311947
72.79088952381429,39.62041789654862,9.853457661915273,0.050839156179930955,502.09242854097636
56.6915458784827,31.39916390540554,9.708202528903202,0.04158829967868682,282.4455964480935
87.84531342498597,30.537818597178155,10.008688149995967,0.048088840503447194,643.149414104029
93.91801233639693,34.75443134314453,10.041686032858363,0.05095253157180088,781.9436915970978
26.750885237134845,59.35058966244017,9.76720787853326,0.03585961238559048,62.001090447443296
37.97071243509295,54.816400214487345,9.74790547400633,0.07004526632438253,129.8837109806705
84.77138300003578,69.28973353587118,9.807814581526506,0.08358599355998542,445.86988583408083
69.6394554020992,71.64158419185306,9.705406491990809,0.05954711575094806,281.4725149590299
77.92900517576074,40.397547813495386,10.006511564857444,0.0839945455308807,550.8181974202242
69.29236283574284,27.384207538600666,10.155146253146999,0.07268109033011046,359.12831894831476
31.064692738119664,34.9718279558918,9.758176325923568,0.008094767094398714,92.14676319903435
12.424900430585476,28.37243420972536,10.040691648531826,0.09628990952548078,11.677057827542871
60.6785367780603,31.936127921207685,9.910283979088767,0.012619712342482214,329.37453117700164
36.46379612405657,53.8734997838053,9.961666307304514,0.06558072486983457,119.05158267227483
53.73981896319748,59.267507839099224,10.22650692327583,0.019106841630571636,243.40045032833362
37.56105610008445,75.3278218515217,10.040928698253376,0.08796366177644188,63.05892327110581
98.97356230171502,28.351128291180537,10.386690248057509,0.08026251911449142,727.4800388452327
22.83415872317744,58.73175199870254,9.667265983897554,0.09785562951382676,43.39513285953136
39.0746436928506,79.9634606843297,10.193811653962797,0.008087181789416842,50.99314545255875
58.30657891555749,29.76313383040535,9.545723377275587,0.05275053781802616,291.1753575204523
65.22350944334244,39.533942311607035,10.40838688282486,0.05321347158696065,380.50543276824067
56.77749021972753,15.793036603511421,9.978262703103491,0.003333498170796168,168.65440819408101
40.633148848910096,14.755759874127737,10.089611744208177,0.08179925697215311,74.27705215885425
48.988299889121976,76.38162075155037,9.628273443819605,0.0434806360367342,109.22043166130052
61.673836836990986,33.06147735550624,9.703282018946336,0.09575288513044011,325.7183610627643
74.41303666205326,32.19851548291139,9.85925580418984,0.017135203897952856,497.8830115082852
28.36646770851551,75.7434135603092,10.107744782522857,0.08523267350249103,34.896905773584486
44.56329868456774,44.19600668670441,10.284757678502833,0.08819703915797535,176.72014436041263
12.046304422200151,57.36064759979672,10.096712099437164,0.006257207617210559,12.973727936423296
28.540144235547512,76.24545049417469,10.063852196152611,0.05694372602857221,35.3147222058158
28.245812148545287,79.69043155411293,9.975750522142313,0.02115075806402157,27.574640550883792
75.032024333051,31.332852830715503,9.524860936407233,0.0914696069956467,479.1708633223367
16.079533968279918,75.95369150280997,10.30352890188611,0.07458395800533504,10.967220066209233
67.84103657938375,29.401628063703445,10.120460667076141,0.026284989802717942,378.90932143708534
69.80241981762242,54.439019813816074,9.66972046722997,0.06803116328633749,445.4190170947476
75.8311365675026,50.7768935257096,9.785896884834242,0.008974569720666814,570.5667368649677
54.66830020282577,53.75071654662196,9.664246123228459,0.02226732306001369,288.4354661529192
80.37227958605419,42.01352230134775,10.117907359095264,0.07015859716268487,591.9543662738987
75.0558753494088,23.34435101152736,9.653101900835662,0.08529129386343919,389.92047252970207
19.157309259564457,60.13145625667972,9.89174687962628,0.024907112092285678,31.257407947019285
93.36086315428989,28.87213263288312,10.261298834765766,0.06298038180365821,674.4946927217388
66.50364164736618,79.88800635226112,10.402655513883605,0.02805813146727887,142.90562180827982
85.36638447579048,51.138118533236906,9.718684003114088,0.02940564140336077,711.458647148316
80.14953311575756,47.64758819295539,10.377632038604197,0.0869498814900752,565.0469591145709
98.08340295460009,55.240202340868336,10.452231972730749,0.021985617452753382,843.4841147216559
26.853474498563987,75.25189169317838,9.752790746085584,0.03524652385743469,35.14413245256789
44.8516915096829,33.13609254561795,9.80912379353331,0.005308927921642015,186.7517420069975
77.87470914857852,79.85071101955162,9.776085167799723,0.04851202573543041,205.01195372972927
94.03410930617689,38.36467078286323,10.30070477839763,0.02963855357574824,811.1052570463879
23.843750733723418,26.404821796224923,10.436664514677233,0.05751241427166834,40.97016050054102
79.10797545273716,76.67618952828677,10.116216430531,0.06046907614653473,261.1713446927569
95.64700694065054,25.06982754849889,9.81434413577281,0.08860855447044697,654.8461742376863
51.0366568438279,52.621917189177616,10.308229061735128,0.041589323685768835,233.86363156402462
29.22392400091258,66.5253631517993,9.848423540683063,0.04148224303694599,60.79437910526635
76.04949002070903,73.70028090470979,10.052741362825998,0.06289863720030715,291.06430671185285
35.440503652376066,64.94306552134196,10.274923023262634,0.0825720513460687,86.36491508958161
49.17535058359221,17.241175862403992,10.296823021168981,0.08651456264855079,121.94168951410948
86.2638629760715,27.352290386136687,9.950240780048755,0.09379570861406372,555.7471182644204
51.27503764481768,22.984368592549615,9.657861047475063,0.08465787348219271,179.83313008860762
30.297120957204207,31.572483228912485,9.673307730870885,0.08459923599960488,77.7903545724908
47.74400934934181,61.38607946329348,9.917820301109169,0.08264059382287221,177.92592944237856
57.4015137802766,47.83011056001514,9.507722229582935,0.07453401682664805,320.09421022989585
84.37588854612326,35.59058605883291,10.459499124761763,0.06308075116970759,604.8820526214461
77.46592469706628,12.023462634595074,10.198828947675738,0.09891577935199497,217.18200645901342
94.71883957535653,72.94357929011115,10.499286985997237,0.037451545770284526,461.609738741554
68.6724861581462,27.87891221803981,10.49480688211396,0.09807453372471675,336.7660100250731
47.21853699406167,51.54711885897787,9.800447237419256,0.09194564691554426,202.118503654357
58.23898182198962,33.38732607343051,9.685810829005742,0.07913204450431152,297.3185594958754
84.70691028877548,45.740487381665396,10.086139007664123,0.06902299200649327,663.7298245783603
53.968173912321305,20.964846790349764,9.722539377040176,0.05073927554278517,190.27347616927074
79.45527719972966,61.256926693099345,10.362019816026674,0.08355489094760653,472.5806387405532
41.735312406542874,54.25122065003585,9.690227327677947,0.05286702753313275,161.68283120147592
27.766739592253302,11.673591893534672,9.540958697647758,0.06023939149585246,30.15241356006675
13.042733934033523,29.257230732160462,9.721543056103052,0.05835203569091122,14.076446666275091
12.951607629511475,43.090718103533575,9.801976987151187,0.0004135144025425808,17.068244760833394
68.4659643610404,54.13087680442512,9.806406003476397,0.075792479159506,420.8041212774237
81.63598177121493,26.944378564040072,9.883344352338842,0.04759837475102552,519.4351906796331
55.642891379427866,10.569066768858631,9.555139580620956,0.048096101343824395,111.36313891022567
68.60168061160817,54.1981214088734,9.503729650917982,0.038163629667548465,452.29326748504275
91.29357931914623,38.33969505972775,9.614137518018689,0.08971964783561807,771.1894948501689
31.060188113852114,65.30561351662728,9.571311680184413,0.09284980267229412,69.73271626311683
67.97382410279961,65.2058462018507,10.089084172784448,0.07073976170491243,324.8823251313062
33.96769617575633,13.656520884301967,9.954779648977572,0.00534088498690637,52.899731386956404
95.66555381235659,40.20995672295835,9.966841646141708,0.0323897797197808,876.5719947478724
58.354681288240556,24.488674926063716,9.881015872254851,0.008313633292327939,257.8515822012492
57.45368762492671,44.09372771468011,9.912984450710502,0.061452862744583114,312.9863546103873
67.72404526237577,72.1090668927089,9.605076992573625,0.0037953662129516456,278.1444662746497
59.94814602156558,54.54559307592931,10.392513140893906,0.03860409325363903,314.4103571327957
56.85076115403501,41.02172049501702,10.08030110743837,0.029472023466496713,308.31769472379034
72.31949264406634,24.442638573842466,10.182699681041246,0.061956475758189536,363.7163844510637
67.55578358367,66.43388297195892,10.451915762917633,0.04392975401967452,306.27440222310713
93.99924901178447,31.420572029127413,9.634387598426988,0.0692093420162416,761.4347173082346
22.89218234835431,46.55385018427075,9.74775338765879,0.04625012090337684,51.25597996825498
48.07719917195452,10.764619280586944,9.660028312640142,0.07605202233221983,81.37829447646621
95.75535157256577,10.254094463528538,10.475046687634261,0.00548895730382224,304.9843782983962
98.93500846724778,61.430944475972254,9.725024104170451,0.02432191037224396,825.1176632718117
14.959120943909301,20.39659479489236,10.388162052372559,0.05322721450287993,13.344126745828
17.394756388007885,61.7724827355483,10.058149962973612,0.08823472543126895,22.95511888794784
56.71826957445013,36.88474720082973,10.218821807740536,0.09750886894343225,274.17912327243164
65.53426822438466,74.99033428304708,10.443350295845232,0.0062542112158805235,204.45822968517302
77.95753331222068,79.03335452102075,9.924195191384907,0.030438355966325294,221.88271360247407
51.36940082548359,47.05148634227727,10.244761265564103,0.0525918794133558,243.75430831910182
26.26556269270479,77.14580334741277,10.464605189196917,0.023690664421772215,27.928168922970457
62.68826164385786,72.13190701959562,9.785490889755529,0.094895420676976,213.3193567824958
16.302504525686516,13.851163474468605,9.504007532144028,0.08768526136295322,11.908571250070045
68.09759736609948,57.53581365088182,9.524489985321592,0.02002174884112864,432.2635759816302
68.07622826379253,66.21776923080833,9.926123777944808,0.0644361933515939,323.07630669902517
31.530179868560197,54.200386434439075,10.11594146265132,0.0854187410046758,85.61645067209056
70.30369573141108,77.10934619844646,9.690012920312734,0.09144508383673432,202.46248669918006
79.09176495899493,55.40612809226141,10.420943727316391,0.014091720466745417,553.2620206304742
94.97414134214432,63.181036298624576,9.87595113535021,0.03315076823163068,711.5165549207263
66.95819747988978,75.01276901011448,9.624148246586419,0.002317902081865464,232.20582063026183
12.85486101478716,79.02001019641703,9.984019203564634,0.012069155130862652,6.11521373929558
35.534361585700964,26.805206541269648,9.622079481110458,0.03249801749102732,102.26126165023837
15.841791354179222,54.02237830822071,9.54583516090775,0.08567591255745936,22.944680875998728
49.939915214106925,78.88793464407696,9.762516856180316,0.0936414201480362,87.9878329037126
19.929242563411336,26.69090232373673,10.020456025130738,0.029826887030026363,30.87840103971756
13.322622640185262,52.68197598304331,10.452383370533251,0.060720096158543395,15.409512638623218
75.93701676920111,45.65575701251731,10.015649445093292,0.04599172061027397,549.7183195276932
24.255056132416367,30.290980363580335,10.216543887867646,0.005599437174127354,49.878850383932026
77.41877138589783,41.878134055060585,10.369907771783376,0.0698492156373852,535.7950864033328
67.75287842745928,56.86101909979429,9.938980870233047,0.0037059288834602744,421.275582809739
33.368428156212644,48.04036936531585,10.230277270135993,0.01131790444595886,107.0085258255167
46.082248391803155,31.04723124273198,9.827720509836091,0.07822992317724864,176.58531370293608
26.672886410944333,13.580232499648925,10.07129475292361,0.09084127567209581,29.446150079443093
25.7406186468055,54.85899292699018,10.305016067103248,0.0542563653145125,57.330264732297266
29.530839578789188,64.64662208303906,10.438458312535303,0.009169970929399652,64.06575680632749
16.048795599374095,56.668408158769374,9.99120251828386,0.08874380783908059,21.66006228678068
10.83769386448132,67.98307775134026,10.033011509147888,0.055098992300399566,7.7010514983254525
19.05141905020829,78.08515614133303,10.038098088391756,0.08227029754353349,13.454756086300746
85.84087363899734,24.05282848068753,10.320194000147396,0.06922940541257376,495.9383277991479
97.10405898046244,65.82464000555473,9.948199669520779,0.057660582771321814,668.5609791667913
58.732919450284335,10.26717327425651,10.391821083994365,0.01106383321246578,115.15625488994947
11.870065541405243,53.54505634508991,9.907873903525024,0.0916407203935229,12.402624780877925
46.955058191321775,30.36916813241471,9.550893282647683,0.09417366106045105,183.2886603267545
24.5456172271814,17.37748681990911,9.596313253144746,0.03072825470998436,34.707642445400346
29.838796449602725,32.80272286858971,9.794521289176531,0.007093065603158011,82.20252856544904
62.17948491841902,17.542568133807837,9.617018827743369,0.04673906547076079,220.52951215836296
51.974175611570146,35.35686688221223,9.647159509770358,0.06186334925271014,248.44239123118763
43.72585238466249,48.557895754106625,10.183438221359605,0.01092961036555259,184.27970544962324
56.28973160132688,78.81321023873173,9.594402018938522,0.041950446814253556,120.54260998174549
64.8713887869925,52.63584653678665,9.860451538288187,0.09627247273247623,373.92604045834224
34.60668310174345,34.3789974958198,10.498605487145786,0.06717664346164552,99.41617073128187
86.33751322585788,11.66534851394382,9.984966735861827,0.0453908230364821,282.5373016354434
18.55880459642127,73.24841558796626,9.987859146846226,0.0010783925457156008,19.014505409389955
54.316379097673476,11.942549271347541,9.800141309142058,0.07705051423995013,112.85440545317196
18.909091565728,59.01526106740231,10.40699722930638,0.07057079000013627,28.260459632966754
64.58808092763277,39.66021474713082,10.064447441288099,0.019552959545591886,399.42452709814074
27.47378947729376,50.5576540083557,9.700707707299827,0.011486689557800567,75.47808598100927
91.0498915588015,72.86127684585486,10.175309747970662,0.08002588816434364,423.56464903233734
52.90377903086349,11.740628887160685,10.223803458044047,0.020639755354067302,106.8488812839232
42.543063536005114,63.28741886004464,9.643568063556687,0.06883679373455952,140.6963171533418
19.30147988097366,69.73013112560061,9.927414560207028,0.011892282427370948,24.103335329543555
48.83932561590914,39.27123158512204,9.860835357536889,0.07591030796494846,219.74360659099648
10.341077182420431,48.35394466517493,10.389009324801545,0.0682591284042054,9.548380295314495
44.828790512901016,77.67012827080899,9.84409702633449,0.08936649111172834,77.89344301606528
61.853220665709784,72.80009721697914,10.189455413487975,0.007989381050922284,210.43833168092493
92.07220239804491,41.65119034521192,10.103065836504896,0.08767067428209116,763.4049761114619
53.555001794614604,35.43559097199368,10.289225775274325,0.08505902185884022,241.8852258435436
75.77502845029916,76.29815762112636,9.566971938764627,0.006154607609280461,274.5396611625468
13.7526288822061,30.770260898760714,10.353347054723054,0.008750785460250265,15.920451879586512
14.197248348390769,75.65107370358663,10.420512353691155,0.052232572372168766,8.815534357942683
73.69493237755165,17.452187155315684,9.785528259845963,0.03693029897568356,306.06004934921737
32.206158416239504,38.79785695765118,10.412486912656368,0.0809347218748649,89.72543958677639
38.42033400014219,59.90956076921408,10.34160125737768,0.018249429654635163,121.59848775129204
83.5235246474048,48.73617285107382,10.492377236347627,0.029522467943534216,640.056622960451
96.37028121576627,25.954248431709075,10.30796340029116,0.0424464072530992,679.6236922159416
30.28702054496806,12.339616782162334,10.289787614868754,0.021940690751628567,36.41444824889312
40.13285444121914,79.19884289193283,10.474238095175307,0.06884179660887049,52.84685320376996
73.85170569505581,49.01063892458941,10.275659707965607,0.06170272916760672,494.13346833646057
99.88218821987613,44.618086595112025,10.307486591058803,0.07227951835010399,900.31425981587
52.858655903818764,65.68973480348458,9.876524082235221,0.09428677473939305,193.17129830299714
22.573185135882916,57.024639928156205,10.357987140629852,0.0019500387209656302,44.83602369550696
68.98203853323653,72.4771939535186,10.149719719059462,0.06403072233866659,252.51922745595465
92.02387345482737,75.2279339281322,9.668109268543766,0.01685347765372838,424.6876621823128
24.34332745470401,46.0065771706839,10.485734613646086,0.07705124934753882,52.29136195681411
71.8202534039471,67.35743304567028,10.16738898374902,0.07980071235058536,332.8610491425125
11.694979606635346,17.92777868242373,10.36098339556946,0.05806321617188545,7.2960729362117025
62.31477920205764,15.875414464690618,10.111785043730977,0.02367421157875295,197.35366751967362
47.26364639029885,52.3930897297462,9.568053261923025,0.0791912667506902,208.55151405458926
80.41928142887504,29.434065333815774,9.549402751923774,0.03726307750974178,558.5016413508083
91.99574535317181,24.35625001338459,9.55460597954395,0.003621455682498687,663.1714182183075
84.98009915819736,21.207424358517386,10.137348610718997,0.03703477356703133,463.02454369095136
13.272260792511648,31.58872084074527,10.446908789099842,0.024548670889431468,14.682642536854384
65.73151413209686,51.02949445030772,10.37722294389966,0.09055731149960174,371.917572303347
81.23205148925511,19.35240760071111,10.236072136909879,0.06416549096558283,378.0497363010029
20.371890162819593,54.84371749711204,10.223308151104872,0.03683108278471997,36.83973444312447
38.36495087433639,58.77313026135641,9.962745068472113,0.01715113097511465,128.76203791364873
74.53116454709473,64.44924670693128,9.527370355827063,0.030091276575696393,440.3102660049363
98.8399915507185,45.1023449400831,10.268426686347073,0.09302188376022719,866.8816904799821
73.43531897684417,23.520917780245867,10.023015877128781,0.021286198376746814,385.4695084231507
17.920352756283542,65.89815876972979,10.411559949461136,0.07948902855151779,21.238032413567044
88.68107815176289,45.819734127871584,10.485633191479439,0.024714434400552467,731.4019398615523
53.65872815735981,46.153290234598614,10.355369919458042,0.09276769330543208,253.20636428534127
74.82780970043041,16.963546701397796,10.404934231807314,0.08632038951411017,275.51134500290914
10.196815632909736,27.587011056280836,9.823023888874024,0.07280741112780972,8.078844225275262
93.89650664930177,58.14965212745941,10.002246066940534,0.07897350887615001,730.2135758735559
38.918764471726234,46.48221393933952,9.902077867946982,0.04179092924390518,146.50776228178339
16.826975476659783,22.80406942029373,10.19459333654537,0.09033033277751831,18.132524913067726
51.58072441272999,35.117355979197754,9.523954783775528,0.09174884905506378,239.85057210151217
40.607195187462224,55.82240959332425,9.588400962990793,0.007377900653417525,158.6717152427461
62.59295275377982,26.694743274537906,9.580863121398268,0.02586014388869631,319.869585806921
26.532019748094772,66.31141773785963,10.183919412475877,0.0028112125799469425,50.72016372639218
82.57291909526228,63.01840133899291,10.309117496985024,0.06692150092977027,500.2014882467225
55.837101876133836,75.92742599087197,9.623010161348915,0.09986685388168284,138.30419040249134
20.51589388976757,65.04080840264012,9.52720376108232,0.050540001876337504,32.136627683668564
90.04411038920004,21.82572651360047,9.59805176994084,0.06401657542145653,546.945723058848
15.516944081209953,75.42046186302017,9.593295230182992,0.0028142438580781026,12.194437735687611
76.37580163201696,52.7620911623594,10.001605499565438,0.07774278727048141,519.9220313001008
27.579169785449725,36.50996588884084,10.277016781921937,0.055565360384835505,66.95855281983202
98.9957971414647,17.726014534640306,9.784586743436241,0.05024663211475447,552.4754813577387
18.02048655535566,79.59375394784865,9.736341627639526,0.0220843347977319,11.591896417513162
74.88732663875581,72.35918131183053,9.793352545215091,0.04003076856311805,317.7783641374494
35.31949379475262,78.34828441451103,10.471856054080048,0.04447594221300927,45.07611274075866
82.60134002135662,63.08762560605833,10.20742359615319,0.048090995025169586,514.2352039695073
84.04274221612769,14.076609825611861,9.73507628329261,0.000289104262922113,342.2331145471455
86.15642040041323,45.42554425727825,9.964097228043558,0.09381005619220524,678.1850809607979
45.294000125750436,18.41861739479171,10.184729191114169,0.09752130592213787,109.54683903344201
31.25517396842031,52.27717734252456,10.185260801331081,0.08887535063043611,84.93925447859117
53.850398490907295,73.701037541179,9.81238580805737,0.09391320972813338,144.94281137706335
30.998549380851934,43.41758893007369,10.238332839546361,0.06517600740922828,87.79808573041333
91.08587716575734,21.04628273661593,10.058482180670376,0.035580742923263055,533.5879252893774
15.595629894346676,31.16343576487057,9.820123602517794,0.08925242916184206,20.06181931908651
58.96392908313832,63.23576354617813,9.860647886293455,0.0883745425103028,259.5524556364163
61.57377764931539,58.69906504009198,9.763261710624851,0.0628119228662115,323.77835260709685
44.727253159492996,74.56640025903658,9.578390701915932,0.00028896901457144966,107.12382107930281
14.658123197010504,41.23166250150315,9.57780013832772,0.019642785783381134,21.806807435018143
83.22717373724153,70.05724747516702,9.632691778877188,0.08442609624420418,423.787326973931
30.530892159202008,68.75559345861882,10.308284707267887,0.07041648361498652,56.92484873502642
17.214249143784983,55.7016429695727,9.637466790305767,0.01266222986453387,28.267024346565975
57.79799815355729,49.88162545710636,9.551131995953806,0.006535465772209703,342.449464457823
28.016287402195942,41.38934012549399,10.136533338125751,0.05853038079865586,72.45255963489494
99.67775293708722,47.788405619207104,9.807320365427268,0.0364275940222651,972.2217558954696
89.47681171066986,79.81432792899666,9.654967299570924,0.08537235314876307,265.0339494362418
49.240639123026654,40.83269057197322,9.752369575359527,0.06794770111196416,229.835259415763
82.13488241919646,16.667643852525796,9.845221012995271,0.04130377238548605,361.3176061169405
96.98283575930772,20.530358175450942,9.921707813974876,0.051032337433184166,591.7142618579902
28.66896301673631,65.1737092035541,9.740430304812115,0.06351787800057322,60.35190782342118
42.291228709400464,56.56767033390372,9.800349478619053,0.0061978204704467915,166.78483604507738
97.43012638099493,77.25975702511407,9.933280663093054,0.08834580061433654,376.35686112813437
75.25901615012073,65.89044185535057,9.587590879346507,0.04033344412511636,423.110852185528
88.26924978312624,56.297074092889,10.200341637387094,0.03375121458677876,681.8129567620979
26.477386012715453,13.690902331718924,10.15116900839441,0.0617642797677142,29.86004832299477
99.4353462969754,25.297818857664744,10.374708586989552,0.05577143104747878,696.4453914976289
50.97162620556074,14.928672933765048,9.804188744986513,0.016520144671071046,129.76645680258994
80.7766209027872,38.48862068442019,9.764453318132809,0.05674043872695727,615.1279210994234
57.81325749502781,15.266311492482501,9.962501805079459,0.049830660264450904,162.15624653098922
29.907534737604927,52.27541775445251,9.675031731997255,0.003749814338777169,89.150147616562
80.06526043199447,52.542063645009925,9.79246162168069,0.07166287327523328,588.3638548701003
98.72854671148848,65.7111701463592,9.857081701982732,0.024917803182543996,723.25541418563
50.69516056097752,41.74290283562321,9.541725725106023,0.07271547855839113,248.83596763420346
50.6159101870992,18.914079454076422,9.668723679027915,0.051027088414377156,154.42365099321353
22.59436509224325,17.71809636432087,10.14680006000338,0.04709429974384043,27.82874174915292
96.09996603030298,21.370945085126404,10.499755974252322,0.08658548438475,547.4437050603739
82.71582890430064,50.64270987782942,10.136148900217737,0.0498336992133617,629.7703643172755
59.45581089682589,52.262924346637355,9.987481427019047,0.04889073852256111,326.2800528547982
14.060651569794878,73.4267438330746,10.191689297841096,0.08339525009431094,9.757997419183297
29.315460146129027,11.32884435485875,9.944340488493102,0.03654758472203342,32.09660676915816
64.01786745997643,10.639968213729675,9.830720638198196,0.02390100941877329,147.72493369776197
36.275876526499324,75.48134197818894,10.150870899402745,0.012250032507847775,62.15749701987382
28.97968111715712,59.83767536355017,10.35536058841293,0.042284556861762815,67.54607654877104
10.407129083471581,51.35228966524334,9.562267376445222,0.02117622647297789,10.817804033253891
13.239021404708833,71.86775840589655,10.397603035011596,0.060137116395901184,9.38914326499491
34.68216394522885,14.415227151491287,9.607259732181916,0.05235900374781967,57.29520561462601
98.73776608140483,33.81406893962578,10.177828248134114,0.009488655839167815,877.4189148854205
60.119400339807,64.81221135615344,9.787075180189065,0.05812898819327372,268.3849461694033
43.94281501617067,33.92321244445032,9.554248139163928,0.04918590178414592,178.20167968675483
31.76951421751284,58.88480082985602,10.363757387601117,0.07984306716156231,79.55866883755434
38.42535690053464,47.89707898153779,10.014605200354154,0.056458346976687224,138.63023003150158
11.933595903691895,57.11311149995003,10.236585045858334,0.054518056968893794,12.013604070267434
63.28390984690459,72.34046568920954,9.797234900557596,0.06431269696786443,221.60387471148627
13.462702686448477,17.98576547856151,9.510417233004704,0.05547303533331341,10.589972310424956
44.844725142716925,56.24244533260155,9.91003923739107,0.027660799793850457,182.38839142955118
84.20971250263206,13.388186769135077,10.268755963257538,0.0692812457570192,290.2832424230891
46.935165304580714,79.55896238647374,10.141239743395856,0.031380870322781196,75.03614580744984
79.47923540176348,48.81933148081066,10.345782764250018,0.0875994478173102,554.4073103454549
94.55288062602582,27.43251874227326,10.258831088794429,0.09310949272175845,649.3235011630297
60.88884905917911,11.031006181755247,9.778714314013106,0.002010216989869218,142.1208370438164
42.8612850571941,77.93243154232886,10.107768695437475,0.08027154771013512,68.5835995153338
92.14392253314095,22.849027915320498,9.803038324034471,0.03510352179099765,598.4662344727873
59.48098563335475,19.59962425071228,9.831640924076876,0.08670461374105136,208.5476009885285
12.049314983313707,44.65964988641119,9.517753365071837,0.062234846760946455,14.332810791423407
54.971442682292675,53.95704320697225,9.551895934034308,0.00360563095222034,299.94122431872404
70.62437360750296,44.00130416482898,9.681427753249553,0.06393615797492087,482.9906652396795
74.18735824077282,40.65874738904036,9.730771694728015,0.07658592666810213,517.9000385709236
58.310173265875,19.89214801325627,10.286233365288144,0.08310412089227522,194.64897844551214
81.92439396911011,14.3819959778603,9.788963285771885,0.0879536271094714,302.1483289578822
39.437355491084986,78.0312592922853,10.026466878734192,0.0999837431836836,56.9498567102864
19.467634689040985,25.76171147548883,9.8979130430207,0.06260327637050514,28.156587573158948
84.88647073318435,57.33698705499163,9.56930355339044,0.0865768888751265,627.5036851307094
31.17802912784405,48.47223993161153,10.12296546720142,0.003947487885931334,94.94615114331806
35.42952638893485,77.61023008731242,9.821693294341019,0.023541286278483887,52.31991582769271
95.98171922731906,56.387092036416036,10.443776977193647,0.025744051022367865,792.6612393911481
43.550152833363406,10.431697689688788,9.819939255949873,0.011306445007530242,68.01149520829452
62.1192847871745,39.6834687280368,10.139056867298416,0.022948955588837017,365.5667675372413
81.55746259347534,49.35983682985645,9.902457262495856,0.07070396247468723,618.6275203672819
92.85635295594427,30.86782160005477,9.680768923025761,0.08197831993177468,722.7268881437012
52.29313448774263,70.48510269942253,9.774136569990404,0.09937839396989782,159.51517393902418
41.2494165509905,30.23224770491052,9.943692658627633,0.09884386515038206,134.86677957078948
14.772704276660498,34.54210453075382,9.571848946161934,0.03471225565113334,20.570509490864403
38.18338898180119,53.48903560813482,10.168278892337357,0.021231890330856953,134.25414400142512
49.58917347997744,32.65237800546797,10.24287111970397,0.007108660897049513,216.57593561083715
32.42645930344871,69.96880530717587,9.95150274751871,0.010328204352347992,67.30624606456219
23.383140133665737,28.203006851442858,10.408733633428017,0.02333816436331078,42.74707008161134
85.99354918340306,56.81012687653537,9.873367932393073,0.0943163024956018,624.4615314910486
45.37341907259292,53.46438295059296,9.948339567444771,0.005535376767586409,196.88356064165828
52.36049340931586,37.766910388285446,9.77789150126824,0.08977314651373008,248.18873974192178
18.15585781121127,21.091091751226955,10.20390871261509,0.060010837958100895,20.428867111177194
14.229419833760653,16.084299048103833,9.812190133891518,0.08465671329154315,10.094636171270604
55.20233538641709,67.11265214807908,9.858253894341914,0.01663718781615956,217.85516875491572
47.48026496101534,36.9106221603408,10.450299056695053,0.08754724074095269,189.81349656533493
70.42728927925486,52.2423299795964,9.619391242753567,0.0323946086790019,483.3227108751267
93.92868989613811,57.63005488049037,9.758442165834154,0.013368534619323648,806.79099201348
97.58347252549852,26.403347141186003,9.757808298327836,0.04345638816119053,744.3342254485725
80.79215238720153,18.903149561541227,9.818966577877958,0.02744568096427761,396.46899877686036
26.710984711904477,16.611301795773024,9.672648415007535,0.0337948940197764,39.07090234047756
47.14547960617286,51.46612416159108,9.8132204805844,0.006610369750905121,219.3006342612086
41.40354835197594,71.59139922333463,9.832395265226186,0.013118244015644188,103.11854632192866
73.30624083328104,47.343554849794714,9.540906510135192,0.0198635105142284,550.3143556171988
37.10235589343755,39.67294589569744,9.701569072387882,0.09284458087192982,127.08289617642937
52.78388849937279,43.775425908274926,9.706059547329376,0.07999021773781317,264.7424653525865
63.84402963050191,76.31946918139337,10.473030624186487,0.09107598578213336,163.30179147822352
40.87532975159521,68.4611121564839,9.894087145526544,0.00989175883570016,114.19985036925416
85.90378656636446,30.174406372907914,10.351294351601013,0.02179674026647851,606.1919525239501
85.61877983391535,22.22805086486961,9.955276829768074,0.01532108193235382,507.87145639586913
49.88108424487302,19.340762574552105,9.904375390128793,0.035831772182900935,151.48055364073144
36.95224718672502,75.68298960838096,9.582190010162112,0.014517950370150879,67.30394857033558
85.76712837514054,23.039624743848965,9.678745869733362,0.06639512907008753,512.272439857971
19.21969799797425,39.99470987165223,9.66745571419422,0.02934735331790409,36.54036187659676
82.02924330740987,42.3137514776258,9.510386285265163,0.06922374880846636,657.3001223558877
78.10030769604948,77.51268429905467,10.383009367308652,0.0647377692367183,232.48912357305733
68.30327854273868,63.3068394731523,9.638568775459206,0.06197962822034088,365.168186295829
62.01306307597445,30.399047895722685,10.428284036075851,0.07166652736056388,299.6377645777187
97.87822191478604,52.40321283586957,10.231453081426151,0.05548977123772517,856.38726488937
89.2951075673511,69.70669923927207,10.153454526181953,0.09576249616386807,464.2631327969543
54.00386021504491,53.48605633480185,9.709429271836605,0.09219468567331772,261.98543567643105
40.6152878416124,66.4374135620822,10.374341692355674,0.0062915524046599615,115.79676585493722
89.7356456812216,57.931884099601305,10.146826727406523,0.09901226451940091,646.7874289319136
53.506069494865294,66.98197241442577,10.110375095720746,0.09270980361712255,185.76903048130262
25.322427069672624,23.510405161513,9.608184998713325,0.011621271382214249,48.26104841900171
64.92220764473844,11.34886123845125,9.742415936284749,0.07715044837193909,154.544724459424
71.46366155834485,46.83756799347556,10.44139588495122,0.029380207136817018,473.9780943783334
14.248869708302188,50.95166335457005,9.905296664915957,0.041020636820839576,19.250313669994128
11.490628838530547,69.74572514206879,10.273371221858046,0.00959728582189865,8.26850219347961
85.14782521414735,22.25942631281021,9.533981556601796,0.08804174920197573,488.2518929234336
14.428259177224124,14.794484548958554,10.376830018008366,0.06322446033252145,9.298946597073398
92.99365013200966,69.17156003900044,10.359061403574973,0.0917561880684967,506.2230470042502
31.995518646850208,26.3075315293359,10.354587887860765,0.07882780292304013,72.60148588373548
56.64314918631169,61.928189623570695,10.076608318967484,0.05057348889098539,251.37560863465018
49.10953969318599,67.91403016274472,10.252461330821214,0.006071680823505699,162.92341504599273
47.13451688264766,76.84458614375947,10.429206742062046,0.025569033856816605,92.03687988082017
28.422809007212145,12.870304942027843,10.283854693880174,0.06755800479595035,31.887866274353193
88.83221914672207,38.352004344570695,10.349538752065323,0.09207825936442456,676.7539538207478
76.98411516131355,66.02648482155081,10.330919526122315,0.08540079753190899,391.0981649644246
70.64997161908387,59.35621765326228,9.810590303518472,0.04020661993713984,428.6350499033338
68.30135352005688,64.60300301764407,10.197549416385204,0.043618294890143516,339.3540820884415
14.658091994430853,47.06644043531243,10.28490086814812,0.05369341498492605,19.747185529399747
62.0546126624962,23.013944112774745,9.547294052723998,0.03412157363085905,280.5350663695962
41.992036058968004,14.9294740323029,9.85613616643033,0.04495073069481355,85.15657983384965
37.75702754098251,45.25704737577524,9.616628371780502,0.0793184547122196,136.93286992741085
23.01995785363919,14.073799743316501,9.906263569892067,0.09143091605965892,23.030222244995045
86.110499872511,10.551265705194622,10.325506468213852,0.08366127608038482,237.8020532550385
53.364476248183465,72.73849731496225,9.583441839725353,0.08980264335189495,153.9443795543102
92.57671825752706,11.38909912785831,10.257277092230007,0.03365007301470981,312.7902989729903
65.52174866354322,13.166399800948867,9.603703376020118,0.029671363702236987,192.49626153325025
57.58420781323615,72.44038350539567,10.11780586446602,0.043471447398199595,180.51787309075377
37.869245986979564,47.97014309499417,10.087794913017785,0.05505462979181091,133.82240568781987
55.22796026935484,76.80431726357945,10.432088315343268,0.06936240609184267,121.2536980409015
46.832379326303496,75.06623575190453,9.542688714028502,0.057996429146225874,108.0090949305564
39.39347842431248,12.053587677419895,10.025521588181125,0.04154102103705919,60.650445134385485
56.05977729338661,63.4323887778623,10.112217535609092,0.0921455396050817,226.75513187312237
52.75261166311409,15.312082283764948,10.34867647013535,0.07493760068373938,127.09276187007384
42.2200116455167,14.161531969970818,9.79793026644868,0.06777143387672328,80.65908115049335
24.000554240874546,78.80156405899615,9.884215318075038,0.06322821476748715,20.8443490694718
28.349258220312855,25.924959089164606,10.420800365302298,0.008033932338041594,60.16365074641702
70.3523489930501,10.833852785862655,9.975175506550842,0.06877426484587429,171.0240241110373
85.59848019536318,30.983276024005196,9.780571532691358,0.035270964237010864,638.3368495427983
64.7210712220859,73.38037972304815,9.740012494897604,0.06556019723207385,220.77399327810318
82.74130466748724,51.308250199318806,9.784076083415718,0.07225025906602169,635.2312002064057
42.618137486700206,68.69337340265287,10.220478599103203,0.09241731597227065,109.69824664568779
31.449756189476165,48.966971724715414,10.26632176995751,0.007826006802889062,94.67683960716889
30.36093999223256,40.42654438645126,9.990393003474288,0.07201108252540532,84.76487572001352
71.95205713872926,12.223303502502517,9.835536805658263,0.03780234336776759,209.7533060043003
93.7077552378126,47.33977543538903,9.77420582640998,0.04273058291201004,857.9496924019318
61.969721346627395,70.6740862596726,10.239805269471779,0.043793641655909044,224.20251892938978
41.945706379820095,31.79024391361594,10.461248112916593,0.06550291735624882,141.07134068110872
68.01299897752855,75.93092178616851,9.93287959286253,0.07643823783674603,203.46282266476226
97.04579746768017,78.65409813988465,10.109503576835625,0.07063233681978903,334.8740017434922
95.36109440749775,65.51760503324765,9.957046286724065,0.012470306865989655,680.3679680344609
59.271460668060584,54.01643046956152,9.758852350224107,0.031735949855969,331.6156971748091
37.6307890287896,62.08766344022521,9.851813458938645,0.03001144046089548,115.40151912937063
87.70327747019502,78.18406933583938,10.280634325950853,0.018691545246122633,294.36437348579386
29.27275928992491,27.041737898712018,10.21553821068194,0.06240216273478116,63.82367474349795
69.71751971580508,54.4840574119993,10.237709114729004,0.08962385934433639,410.4980819230375
19.18781902141705,11.968167321752013,9.870343417055766,0.05204119719033971,14.366320615037857
70.80910534056682,39.873906381783605,9.585155458440754,0.05658360395907184,486.42419450432874
86.33799092121393,66.21319052152586,10.335695612556146,0.03286820452926947,515.1470824049308
29.5062129167983,70.3881333305982,10.326949052113182,0.02924948895562154,51.77376072190502
64.75761801694412,50.93021673047817,9.892759641637616,0.01270216469878438,409.61486083845426
99.42096358956078,12.130348889058677,10.217142745431241,0.008003612410611871,394.3439221738173
19.050344861859863,12.886273392288654,9.58321752474951,0.01867418762872485,16.161193850984013
33.23115794010452,73.45029281882572,10.45743423378176,0.09269761231389624,52.56233768736677
35.49089235265734,16.56982253493851,10.075126033642146,0.07235343984813912,63.57626515377234
21.325342903490213,68.14610591194432,9.829449383442304,0.03010956730340284,31.020753275998114
32.30407645601255,57.95046048480275,9.646796601801176,0.09164892930106694,88.78806404957845
58.47711285027839,23.36620191803472,10.133303166253107,0.003746010179937909,244.80543670772263
24.65174570357484,19.745822723694154,10.238083312751655,0.017189449113371204,37.106082753109476
21.636908833092765,51.86023265424128,9.839687172551002,0.0868812232634982,42.37444482674381
45.3868202071688,39.40141667439778,9.64606798532354,0.05265784254181989,198.74380091278383
40.333767139957146,42.65584602399148,10.183810520083927,0.054211314565058455,150.80927086310695
12.886435872588475,23.20615575204002,9.695612257408811,0.021757153455043744,12.138691572829323
83.8380929839558,62.03822106398246,10.022727931422478,0.0654477249438971,544.0716305175837
84.9609803800689,41.6344632799898,9.623984620546173,0.00963038747831313,737.7306532479066
66.86246365137757,14.66151699728881,9.691764240128268,0.005966792014354539,224.55872493041204
84.51057649096767,76.17991125099931,10.464802583651807,0.027719838824096267,307.9591652221521
84.10076668378996,78.13943862314638,9.715882115639458,0.006164009798200487,291.05486393488457
56.16176480075378,51.86232085658572,9.947377601164431,0.006296390828088372,306.0959538521582
76.9161252053698,70.80562244043509,10.009074771353387,0.06774920157246896,343.00869869045397
50.06277106760449,16.883232754622632,10.328384899953447,0.08389992129869761,124.01830157577487
87.70963542943358,21.64840847474948,9.526082778930585,3.361717607800463e-05,553.7951644037964
14.682759463460588,13.439872262030159,9.537475553519638,0.01944705503472498,10.022806191366474
76.02081294635002,78.20992889700256,10.321953095435813,0.002558379202963446,223.40152989992467
83.30336535703356,43.2457552783648,9.994015081271836,0.09359142503053824,631.1376811961801
97.60970295705998,48.993455179264075,9.640056521596605,0.007145622179764933,971.7841374610106
96.68633273108969,79.03847140224117,9.892956029502875,0.08494518068769176,324.07235345759545
54.17524615639461,46.13142121775606,10.087163092690679,0.08010926160393911,268.3508304503659
30.139784382969758,73.96742498519158,9.51226907285035,0.050738717312707904,48.190297880255855
54.640317724378946,59.15667738794041,9.655945324652437,0.08022886025342418,251.2189246701365
69.65333169915456,42.32548248634467,10.148165678372889,0.07507791289039382,441.5653196626114
29.28054279949159,50.26703423141775,9.69050488626447,0.05003304499445143,82.73722466938737
42.03377270894143,38.23685501536155,10.139128848754648,0.0019397176759741398,169.09755108096599
86.37103743669311,41.06768874789191,9.977789483214838,0.05007431542145879,704.4508397738092
87.89511741302957,58.53042222460211,10.49156948735815,0.025081338689225408,639.5020468178232
24.909472464998505,26.10673041883486,10.473726248693259,0.003925535856682416,46.63526263808341
81.98952931874365,37.87729025094073,10.493356265228014,0.04961261050827429,590.8700232621991
34.817905735119446,39.87103649969653,10.304418967316382,0.08575219863181464,106.25326055317171
24.922044941301493,67.44661483045942,9.86556448085946,0.06652679772871105,41.729769911355625
93.76935225198014,60.4365014004912,9.613700215428807,0.009992304303067578,777.2025200234714
14.966194598725872,19.84958420887631,9.965312341415723,0.02674270386157627,13.978259110879666
70.58870173411142,52.495471582115165,9.751513807407422,0.005334836752308825,490.9571911168488
62.76180978145297,66.78198177388879,10.208670291524705,0.06291162285854705,262.5434386024572
75.39576965311956,42.88424852477652,10.465181348031367,0.08868139962963632,495.7330555853733
17.658043488280235,30.21153318189088,9.75305573044637,0.039435136770529115,26.729099405193356
65.33414449613056,60.05982162694212,10.43233933249855,0.09379509830725928,322.2328404402272
12.737143525247342,57.63897009165137,10.037941902502084,0.03884349803715251,14.057787621541175
39.5294294631949,52.158572229927096,10.122204533831761,0.014752375011171126,147.3861895445826
52.682847627160434,58.322156641765446,9.629787354780584,0.0694163372146341,240.33594497055887
34.81104168481926,46.4571710247246,9.738059925482453,0.035982041576274194,119.88717881432135
52.588689435379536,27.983923028749736,9.508478759614617,0.05538589782641069,228.04974253148507
40.08475913557358,22.93999130057727,9.813889649112454,0.04525490006816135,112.33553979894567
80.19593651522061,75.18289890775037,10.249140602435656,0.06123691544570442,291.84637412483767
62.35436411758679,15.979656446567311,10.026059812085387,0.023596123985460706,200.48021597180391
11.471898232167879,29.59831622726226,10.435806867308377,0.037636195062658445,10.43174631507859
84.0332769470032,18.599156105366582,9.559257311288032,0.07504217968469479,414.3226680981793
98.84768265736707,56.35269404481341,9.733569482701823,0.03326498570859637,895.7385622757666
63.62908123597158,73.91007225711436,10.190332049094412,0.08163877587327309,195.00759142970864
46.05715874235976,17.823676994236568,9.939908401101253,0.05747781139926444,117.42626957254741
85.77224776519172,62.95923685576726,10.46964603576933,0.026776628960468632,554.0367692906775
25.4234626265405,26.23963866613699,9.793934108212534,0.09300788945678395,47.69419150028082
63.98703738744223,69.10768712982818,9.913690651823735,0.018285037267206407,270.20817877115206
40.289226942454135,63.593153093871976,10.280225852389462,0.06190241651645691,118.24211637184935
78.31100071386042,10.890123396145619,10.097291830644734,0.0229242989722678,220.2492804463386
97.51056420362393,78.23938177225175,10.207766887104473,0.006864864716320052,369.1993444715391
48.68745032531674,20.219940691940742,9.84874781283171,0.026604789032453946,152.0229082997923
21.54268925196272,77.30733435804052,10.25220784195973,0.04330560932869883,18.58371036403212
41.83041293756315,60.61977321876868,10.384839525951186,0.09379006063708671,131.1660461612039
88.56961509853113,20.633473358792877,10.098054872535428,0.08843503446147623,469.0127238565527
38.515683744664564,15.90475443366195,10.248012580751602,0.08682673278018313,69.95481519164468
31.756639080872663,36.10404231475766,9.68061485676495,0.05939439262860369,93.47319982331163
98.97189400119758,78.78175115459173,10.021465001064456,0.03859692019170663,358.92681031480885
70.68639162735604,16.32929376717967,9.56585908030344,0.07777301956647847,260.77677327566647
21.544800651874475,73.4926620287083,10.398238494008247,0.0838558344060069,22.365935777861516
72.12491152342858,13.860532512015002,10.4826967334874,0.028420602742943637,224.3696181915662
81.1460342182537,22.471037830189367,10.304495731007652,0.07723878638817089,417.83900272558134
89.81235575467753,47.71939949719856,10.112033191391228,0.021651080442986484,777.089678330419
73.01761114764595,20.022728356687196,10.291345714279329,0.08767571290509979,305.34006018253893
31.533028604540846,17.574283023946315,10.45330772384264,0.09173870311835641,49.961003114690115
25.55266696775735,28.529455170039853,10.06959743100009,0.06394893490377605,51.04682667188911
97.86279605743306,69.16654300845633,9.602529858710682,0.041466245488351816,636.1088361137739
95.45763422704248,58.560222241729186,10.294734783961479,0.07398702331426533,731.6249653568486
91.9610492379323,29.85990641509063,10.375232333611063,0.07494350351280492,653.0703750743266
43.8780619899231,44.828026339905,9.954689928735737,0.03779555676407081,186.22797065321006
24.491581312164556,41.5569711709977,9.823077237333356,0.01650827950549989,59.63105908736233
78.26289506683877,67.62828450922166,9.883589144117808,0.06846527962166188,407.3751649860503
72.67458213746373,31.422705428656833,9.735565946345378,0.052201523049672176,458.15760216659396
53.99258501409201,48.567161716931736,9.825456202119895,0.03585144958136638,284.03372881493533
31.991789103548097,64.90047220971462,9.7794580687115,0.04432326801617842,76.91808652466078
12.889663628959427,14.689221154242201,10.160772609872886,0.06109622734953945,7.5462104111885955
87.6777551233744,10.11672478364696,10.046772807982054,0.07556463338433074,245.3679092444633
36.10053062768283,55.596920488289456,10.308208532399888,0.016378029528829396,115.96207122273377
26.949597321861518,20.670008392524192,10.008131258143477,0.07336133882167455,44.54317785625343
94.50707358878485,50.055316395259965,9.590854890948705,0.08672910264004402,840.6362221321688
99.95114847715105,75.6437986640304,10.048158792768577,0.08637430428691982,438.1191941212789
44.70114417016779,47.09199912843641,10.283092027488621,0.058299348949817864,182.82495884361495
62.18446248550809,46.74489633922183,10.296211183919883,0.08368873632342737,344.7741475659433
55.70481913392898,78.06391017476027,10.280524235223274,0.06009571233673947,115.02750146330939
48.307675474354625,57.738331796044434,9.984316257501428,0.01877599432999947,207.07716733039973
71.14589478609793,31.83921908611103,10.36367804770541,0.055797715517086316,414.01497088473224
76.99145066068354,62.805101149855616,10.222108350607721,0.07606593889703211,436.9165548282706
90.90644081523703,53.98756782673378,10.05218865471537,0.004552256314846859,778.4293030691124
22.76785248289938,23.78764390372197,10.15972028745147,0.024562500489324235,36.74922183880166
78.96072344417105,37.03171110234088,9.630088039612653,0.016531127466900896,612.338828927903
96.28109645343582,42.883702241682144,10.493454173347242,0.08554069945335468,808.7748539023463
10.255361510649658,28.309997205176995,10.496123307290658,0.004857901423241384,8.32665361788999
39.383942704982715,11.521036299231564,10.23947661667101,0.05340673861636361,56.207582897006425
16.11880293084891,27.34607659925607,10.485271727563225,0.037836071899629724,19.47041224166039
50.67898716675537,30.61553112025269,10.217104125889463,0.049301299923142666,209.7501254977657
86.2223770092488,67.49077110841768,10.28859435195553,0.04875518975331642,486.78220442126906
60.06707031772889,10.06874451015187,10.311528018798615,0.01683555499431202,118.45205736801317
20.001701590218392,46.25675001444415,10.337934563145762,0.03732648087022988,37.2452929901364
75.76905534950366,65.59551489991571,9.630311490461214,0.033355967993596296,433.8843687510372
63.53063517402103,58.40407967222601,10.356149135016587,0.0923473839373875,317.1618010979137
27.34993686754447,65.53316405788345,10.463087484119768,0.04094010131714335,51.73864494178554
62.6046293375291,53.99137683377391,9.51541553009927,0.024936964078217563,382.1236626809598
57.15836940029412,50.14174075866283,9.872486456049415,0.009134355048039656,322.65114218243764
62.067832220424926,42.232044993547895,9.673219436395218,0.07608862759083271,367.35582147836044
29.031905503065875,31.50345696615322,10.478731457577922,0.048143334822100495,68.30328173141052
69.41017331239817,50.545502628119074,10.479959586929898,0.06230911705707253,423.8752576279606
11.551408119085316,32.95921256904069,9.736686025117738,0.07888644012731486,11.562535597699583
97.62698005474948,31.47502929671281,9.63109445813413,0.0018282261262776768,879.7471638678763
47.16418193822763,52.34067656789999,9.769149391602436,0.0004944455727967201,220.159226567453
24.25472858022232,53.51596312817713,9.889443603887523,0.08532871791022795,52.22584129666001
64.54066292805976,11.848228239733267,9.717294600619102,0.009554217228985995,170.63989243750643
93.82903211640634,24.850580191481477,9.520669349526933,0.08574666738461527,647.3078254112538
47.92157247155152,17.757567185823874,9.52271538779014,0.003085116458531845,139.6613659801373
77.74598761732578,10.253821886737711,10.49045002003593,0.054446446445776564,191.15967684038347
82.85037905214718,75.87196458328219,9.621797041131195,0.017822790068437656,331.76658924765866
68.25548994187227,28.347864623817664,9.781166296241059,0.08177764778184524,366.8207367446248
73.19178511730658,37.82284141474699,9.916127505360686,0.05497562776842612,495.3733505493436
23.746079725579744,12.793387999064755,10.261061758785253,0.0032788023870300776,23.65528840257472
46.332724653453035,18.807097932970876,9.964800280052545,0.061155986169543125,123.6859123438781
92.74099916899551,33.65796544302992,10.270632902370805,0.012631132892014752,762.9489893529758
47.73053905574924,25.102676742472738,9.806617139694904,0.08566889650087524,163.84125059408495
65.65813170299107,33.1997529844037,9.643175962435768,0.01993378923025918,401.5740091394576
91.92035989695508,46.20335024116652,10.225337497980023,0.08928858479496944,755.0661348552921
10.654549347827075,44.89322431741735,10.276587454617864,0.06565480081004259,10.344385900986543
62.37572455196168,36.31223406071364,10.336651799414087,0.0926204801971231,327.44819528338815
25.481939173991385,39.96936500555295,9.768273993187536,0.014088012774481407,64.53541153303021
54.41834371548203,42.85951787284488,9.776801209576718,0.09957505472890665,273.42333576511135
68.24587672817077,33.99019559587211,10.091459824480932,0.03509360618303147,413.1080512363654
83.78346305580796,29.574333514463802,10.455418319820037,0.04482323161618545,551.1241246069736
64.7932543862899,39.37383240839775,9.76828078186168,0.059394225239246506,397.20735999637236
65.13400517098576,30.832330110875507,9.608871518377818,0.015213692612885533,382.74524972334757
28.83962600531842,51.13419738608589,9.916771935716278,0.07121198337918176,76.32185850630023
92.73070039279258,61.019841191973846,9.809314729929433,0.0388247875546833,714.7915436113723
57.478702473575794,60.473236601629125,9.669091520182864,0.040535685213889484,281.4057313428093
84.92168845536271,50.009538387637186,10.073944024228497,0.08431950938812133,647.9539582145244
15.664022992853587,56.415074965226324,9.846735398169665,0.060769778453799474,21.611887372883043
54.333529053939465,74.87537325171881,10.33811396401905,0.041450041051105994,138.01268841532226
73.05780218568219,41.495901906224894,10.228166181807996,0.08585681997970124,475.32577463897655
96.93363581432973,24.304706665074992,9.63610683757738,0.03923521106578185,703.3900691783577
86.94760454401116,23.997618652506794,9.5854475131087,0.0065280855432855,582.2489153598733
88.82449863479204,49.26114130031161,9.850968806157397,0.004118125924046356,788.8166850544314
80.31882435688027,44.583557843572564,9.991293816108538,0.029375642774485934,626.9160498064871
35.8182025842827,57.15292258925238,9.771945580746555,0.08312555194969667,110.10730850345576
74.03642582333919,22.509803472380618,9.554808039273183,0.03070357016282016,393.5211704183315
26.057563116446378,56.58070582546266,10.420129870416046,0.024930959612703342,58.434831748825495
25.942552773799736,31.564606311034886,9.832743005839204,0.06774214009605832,57.057038016735554
10.45308842175383,14.786968652262669,10.412087282270097,0.04885984602236168,4.932417010388238
93.051611326686,27.781623803611925,9.77469215852656,0.09640076324371656,663.4393117107568
20.631861666947977,57.42701269623847,9.77754149366903,0.022878949583437072,38.610099145655816
97.14725804550659,55.3487371980803,10.399913322974195,0.09450581258559212,772.3480658070414
18.201379124758038,75.91883674851879,10.468018155132878,0.029548245076386506,14.501968819394877
66.92599698722626,25.64502831789297,9.851803083299671,0.0599818113249993,334.11655581471706
43.09263530750677,56.96838162288014,9.62038904694987,0.07973096963945964,162.90334725835558
54.86216048717829,57.53952707888513,9.56091817878986,0.03404704578042485,275.5849863526611
29.53971810516379,55.40650270393781,10.18550995817069,0.07461939897730863,74.3218129680649
66.94939032818675,31.410804892422934,9.836749816125959,0.055053042470247705,383.6380342821664
36.359097590794825,25.480798616187847,9.527690615768915,0.0015492350955358836,107.60499597670174
73.84066919651451,20.6033842779433,10.237158323128252,0.05412161240948737,332.38883129369367
84.67856674913452,79.3335902485675,9.55249608482383,0.05345772829473383,258.8560637487926
65.2003835969519,56.106470048830005,10.329362447514033,0.09552058192684221,346.30038124983696
61.08092809057925,20.50324083268039,9.597287792314884,0.08145474183469988,235.11850940267897
81.05502409686322,74.49254818805083,9.75080807947394,0.056292949129912555,328.16997424812985
19.48146188337425,27.415814119056492,9.887574965360518,0.020773866979692593,30.73260769651025
22.010639454324874,27.12193995878684,10.094277837772383,0.07235092882221958,36.22956943031896
22.19904690655467,36.74566021216316,10.022508982753438,0.05155723367440478,44.77325333659141
18.852596228765535,32.95502305912786,9.700842683403298,0.08614831088064384,30.686339206684487
92.72334333012267,38.14438366675907,9.940290686217509,0.003107170533422266,837.6713306379821
23.8239491858859,25.793392903926204,9.862287961487995,0.008433822376370826,44.7150665684489
90.47154229615187,25.65806398208941,9.9904888426057,0.0032060700857685534,637.495264561745
85.06612834219524,30.22445742218214,10.068583519514425,0.01623738092147218,615.1352605307746
38.914736091016074,22.54361912843097,10.011627671240024,0.04309160480887885,102.60163790292015
73.17556594496611,27.405594144527893,10.193617910294272,0.011786766849150643,424.2714286996141
24.371096237969617,34.354216659163114,10.27958981003573,0.004294059102732318,53.605133458431574
97.96427668901352,21.678294402194226,10.079762265972246,0.08839138156988088,598.3580282153464
83.6622157927891,49.43393016927481,10.292235481411021,0.062114327241356654,631.4667434718762
49.04459176807523,69.95569448457782,9.641675183732117,0.06933289912215178,149.89444909023157
49.76732807589808,70.5911275418503,9.54282057149797,0.057518695772536245,153.60031556413006
11.58598587019873,22.78221625230711,10.402460492717127,0.009834455909369488,9.123895823727702
80.31800380357492,62.73681565529901,10.244484104694514,0.00300224440929312,511.281868488676
42.65406362691663,29.346585508664127,9.779582819409093,0.0787170727153873,146.9175817872268
71.4045954441207,48.44988333501776,10.455064239227312,0.09766979716228559,439.08791871600357
23.311819368907127,33.61683553567343,9.71050449416006,0.03273232366964923,49.94232203175388
15.907001040245888,10.575692244947456,10.121123927907334,0.020578347683881306,8.837257283585588
34.400929485873895,63.42716951208326,10.05234873171286,0.012148779261062526,93.0625762477984
83.25748240120653,60.80348563959327,9.765772166175061,0.06557514755520653,566.1466009020389
85.85288916941387,68.63598711400408,10.347912851448417,0.08682732815361649,443.1089208692422
24.40563040908174,51.44803090218503,10.104385019587438,0.07747296542862929,53.17765225410542
85.59661533176356,32.715152797357995,10.131318885084324,0.033673243357070004,635.9234897530627
63.55806046945093,22.924550403318705,10.413153826401363,0.031214591038139696,269.7921358792094
43.99473183342298,69.96618198495818,9.683170259473231,0.016140707031350645,126.60524720754063
95.34521223605205,73.93741060980439,9.520269848256625,0.006952656585213402,504.25882256980213
13.279695568541763,61.979938493852686,10.359631910309458,0.03880557819087163,13.581822802651699
49.11613359258133,56.820811717204435,10.24343023724412,0.06748422377096852,201.66212810894396
30.313749306551287,72.06001299119112,10.348502357467968,0.005690841730938379,51.7480537679028
57.050418589593576,34.92886751443845,10.374488676464383,0.08127136825349997,271.5482916590658
66.05724107782996,22.750789215286638,9.866771452280213,0.008302160155749005,312.8340535906821
48.09694835631663,72.94631726596594,9.772383028243908,0.06570950917470045,124.29768376455047
42.502501205783766,22.04255709326898,10.352895510832417,0.0664373717088618,113.5931440152083
56.020413353425496,60.419441986541095,10.066809593116304,0.019019990819467227,262.62589259181664
35.70416729320364,13.394541995476757,10.032879786420223,0.06488617362853626,53.66946479149874
84.91415203362777,71.35349030838233,9.519395901932704,0.07631049226961598,425.21089567435564
12.764769040340003,56.2250392170159,10.112946425467506,0.02126999415139287,14.577487099952702
44.206179357694936,15.271441786989321,9.555453498141,0.03872087283970537,99.98126547414378
87.03258907424724,17.96105865000798,10.017042190596856,0.011016884076163603,438.7778743744207
85.13296873399803,31.495632521110135,9.603461726597464,0.08147736492809292,619.76881322994
33.93761099690554,30.261177474212836,10.287765314355994,0.09801939199609233,88.36185126021934
60.88050201946613,16.94526271919858,9.586454702144334,0.04179317737816551,206.76487213275797
95.57464171909228,41.30777837261449,10.056372920835758,0.04615684816222996,860.1640860325897
33.01130999653841,47.15800824618126,9.666982811848468,0.016979164604011453,110.51653591588938
92.66183003024439,35.60225533575441,10.370247298495798,0.015806910396562023,771.5223592051765
50.257929047015644,30.548225584182855,9.678056891274151,0.09332008106872629,208.1211964094254
67.7559445576133,34.233766811785685,10.344264276230598,0.06539096225360606,386.702651780536
30.970637175179267,15.469823707246956,10.020229711417743,0.08737847384090439,45.09741946832072
61.27287192602674,76.90945068545494,10.34742447990705,0.08363252889528237,147.2408253068285
34.38913501052694,63.04947564607285,10.379692819097063,0.05507859999126844,87.12632405382631
77.03144630788977,31.593252713550097,9.572007740314076,0.005520571951236364,550.2167501680058
65.55819107817413,29.588785459998952,10.35377660305608,0.016875090310520004,350.50794896761295
84.2486453201275,36.315051139724844,10.412613857644036,0.062438823319998726,611.1931225252376
64.79939524504945,51.74802469897977,10.125129826259492,0.0543411517845748,381.92663496236725
69.75002845510465,30.37365624374622,10.25923154169181,0.040663540750300466,397.2519470517395
73.4704167184724,31.935807227154204,10.205869117905213,0.045751385143249,453.61733117384614
48.18192579146377,10.445426709076504,10.180971835030762,0.02857807695005271,79.01973037701248
94.53082958670188,56.4387869108878,9.92828807157864,0.02521742947233199,808.6109035931275
82.4073000999108,40.46951212601522,10.088676977098526,0.023850543966919314,649.0609278884992
49.68636930859891,55.48408580019967,10.206055168657933,0.008321688023578234,223.999382608047
68.07815641356325,18.135643723700674,10.256374956673705,0.0212023385648754,261.72702345149276
90.29717396005145,48.30833379730605,10.025805167959703,0.0324540572043874,782.0455529852535
82.06978837281098,45.4345622632469,9.700461639196654,0.03950191918040902,667.3732441498347
39.54038206527282,54.9645370484844,10.22783115516642,0.09730170841414136,130.3832166860115
80.88833896294857,27.631380839013033,9.617622481635168,0.009979149463543968,553.5062761224831
55.576309878462055,40.77622443071789,9.571330933994286,0.06482685049474017,299.1683357146902
34.791995741559,38.67770996572591,9.813900635434955,0.016814862954334577,118.34544077949901
15.997412899896943,15.504487719318648,9.55902910673995,0.09207761952675998,12.579096933393584
83.69306785174017,14.871949256835926,9.72713157440718,0.07667026277211114,330.8925499871108
42.06404791971578,57.956410478470445,9.936632775815053,0.05836940487818814,151.08287408410436
55.31063633898249,67.90399060072114,9.835256725253334,0.07846682335675557,200.45981372225728
74.04921338890182,46.68749526740385,10.051087240513478,0.07074889132518283,507.39725992676193
95.75953838552563,75.57256989410436,9.79865302873819,0.08159639705540173,416.23770630834053
87.32165542744093,38.992556543407034,10.408713979881451,0.08722301025881743,656.6693824845322
49.300806343632864,34.959334853653516,10.384039566921995,0.009459165298053374,217.76826466221513
70.68253606941192,25.26904187295757,9.593212825435826,0.07210478987539841,374.1013803299734
97.3477573034623,59.37540802991843,9.627898155846012,0.08071967958608327,796.022180483943
97.54321066481747,68.5625284825831,10.142244533547519,0.046494010302398664,609.3018704868769
43.827829593830316,75.70007833300298,9.926697729959876,0.017615737233050665,91.01198282848418
87.46381387571209,55.6771000309292,9.547291390890482,0.07143461884416041,694.8076477149363
77.07506798105693,33.678678509757276,9.820331421443832,0.09502316466548476,507.6911186584059
24.067826262552998,20.169483004503306,9.776467821966428,0.0021826074982178147,38.26969913976381
72.75012842980738,74.41476873185165,10.3005331234959,0.07604514790308209,246.47015595120678
84.91056986185917,49.22845179711023,9.841758115715033,0.08384668376076487,666.328860936424
76.29820270121165,34.5932162616199,9.879510402292118,0.005044746610995333,548.0167595624916
80.76869551497334,70.63536253306353,10.399425953015113,0.02026557425714204,384.59264510915216
46.548779474771614,15.153884042126885,9.561808160220922,0.07637016208717473,105.94857672524323
56.42152244545702,68.05613739927338,10.32403678567923,0.07493277897846178,198.328644255904
70.17650286909159,14.656804370100417,9.630516724804925,0.004358080700890765,249.2718981249391
86.4468063805515,73.91666061790767,10.340729635966943,0.08783233909578528,352.39251510807026
14.129983346384401,62.78562900581114,9.799383066584502,0.08142936901726272,15.276381554729083
46.48392063319027,58.15963073120969,9.58881460759515,0.05826856499592559,190.54887812071206
75.45485977975868,32.960937652029095,9.840384287628925,0.052324722994705475,501.3073368456272
59.35668290019723,40.57624426196298,9.990468892467558,0.0024606219508722994,347.6051142145393
99.71396564993573,78.87780149792097,10.079200420222804,0.017347732314274368,367.0155136471484
66.30142395913217,49.59680713340095,9.672363203203412,0.053262690894982194,425.3695196290226
33.1881865362246,21.50512343403551,10.20946568381635,0.010216572930929447,72.84397489936808
81.4978892369812,62.08407277413619,10.473410784164843,0.01802408296859954,515.3338114667038
31.307336227370595,49.02337229006115,10.0535674879458,0.07003789983879335,90.00316786485432
10.57542569744998,49.3381789597256,10.066870574900346,0.06648993636768724,10.276054311476296
77.34444897983394,30.18924342204564,10.408903955974257,0.05414569196228192,473.2738418707117
38.53657571864184,47.269739732371605,10.204109365370702,0.03507113496472765,140.0797732680994
14.540279262365418,58.961054417035065,9.526445021153654,0.06104580608252276,18.44807729001994
70.57566062696637,76.94388301369509,9.585049522806761,0.002513356465586081,228.14233146503082
45.72541858339484,49.306369018670686,10.353887913345536,0.033519407770720745,193.07645339818802
59.437641699224535,58.64662258417361,9.62137393917205,0.04476741315324494,312.02181495389016
38.53054367705702,18.7186940938866,9.661946070354306,0.044973809178753626,89.29799720140733
16.504121290974837,43.38014845889426,9.74747607356275,0.05377621555885468,26.43889474216709
66.64796213736412,39.054581888866466,10.470796460911837,0.03826547899914369,399.53515171791287
72.3054229166651,33.74727505593816,10.194894416590243,0.062443435392490323,445.0803308667713
61.10611255127439,47.6930346947761,9.73473431208184,0.03705012711878182,367.9872801689542
73.88665318021873,13.579246788399974,10.100394166549313,0.05599800437910374,233.2762782333708
51.84277171042499,33.54785329161497,10.16515589639962,0.007191464015866867,241.8090043077378
41.04734492974778,34.66904243295275,9.523992193734605,0.0779547833582914,153.11669964477161
84.77739842600509,56.88096976648657,9.668046686339599,0.0747086076067787,631.4005736909088
79.14137072708009,28.044967179956476,10.095932679285626,0.004361194568759663,512.6251259528927
21.344674924173646,19.04645393496822,9.512254923961834,0.07244055885965703,27.483808972490483
10.827814848553574,18.637790053092758,10.11631232787319,0.07867647448522419,6.488015512304835
18.266698992376547,11.509930750440379,10.389398970323152,0.022044491464661822,12.285375300696744
50.089561416406845,32.27368499816503,10.146643787678375,0.04831663585443602,212.73929909676514
77.17752850950613,65.34150129183169,9.545046882096269,0.00988603510959727,468.5621123483354
83.583176596347,11.939426807586099,9.787692912254489,0.009232591127353218,286.28110408715
14.185732874863316,69.51550645190002,9.939813604314756,0.0032225357047321657,13.231166446978996
29.046196972161844,28.836849038313318,10.216347610919621,0.05191329860178896,66.2525193631775
85.00239634698465,76.84702272115292,10.160334450325454,0.037121118734760074,303.66704363843684
50.19643319997983,44.39065609311698,9.777078602385728,0.0863152912269161,236.34809557740772
36.19982267692008,43.214086376489604,9.503995421875896,0.05814817181614556,129.84008544079057
81.73142657758007,77.68156182227214,10.429923044724765,0.04189399265101852,256.0348592815365
58.14150104109067,25.230871479297868,10.245248137878358,0.030770134788762518,246.74794671247662
13.596316730525505,24.40281567545859,9.767439782417444,0.011427942585207997,14.079702156076785
48.42417579387656,52.511997217095455,9.685193285579096,0.05093105588736599,222.22458833621232
77.25701844630774,41.266202807295066,10.338216906663446,0.0708121868884773,533.3075580585826
38.72615359163932,36.893051960641344,9.708448878384582,0.07160862339275237,138.08074039863197
60.765931086673916,21.69424665327331,9.83959242392986,0.00816069787677547,255.69301383558127
82.14145267101067,60.898235754624544,9.990446705944874,0.04299593106747151,549.854308358509
46.08062769891589,78.73034466259402,9.735829055218733,0.08953666793806454,76.44285133561466
43.79857509931243,19.119433747390236,9.582877869755785,0.09420920793694344,112.76101334318311
20.825612492589528,65.3299174978433,9.88285570920467,0.09730427433948544,30.20384600936053
70.70427748071128,67.02354248980828,9.77084057909056,0.07479325037135248,341.24500891002293
69.05097998138609,79.64486048907226,9.784084849944165,0.05238857489953193,163.54303816808778
34.65486064575518,33.830409922806474,10.175756022207672,0.07292340925780738,101.48682374001235
38.68507226905231,61.71348582141643,10.08056232715902,0.06452018030499798,116.15924327901797
70.53661499745837,20.564745715794537,10.193829588535149,0.056267840110477356,303.4761111682073
92.53869413233271,12.974565552064895,10.266126517715643,0.04979066818336303,347.26964509575816
36.30739238992531,49.319749379062294,10.364335839567797,0.0010386955285468292,125.61498627169689
78.44184831316629,27.483668477287143,9.571397502903539,0.03574198939917061,507.9123707220963
94.10225529625647,72.20599196951551,9.72077169372923,0.04875419440366602,504.9094190082077
19.351746155211547,72.6207868385878,10.013457098790878,0.08651462095792557,19.554553169336252
37.314579857619265,56.81526866745564,10.14532642690476,0.012189158056027917,124.21201880318688
39.72038653637358,68.14341241291379,10.17316919149293,0.05680548172181643,101.25325042414629
88.87767369423959,55.669011392811264,9.785392669080306,0.004337026431248847,748.6573312770828
55.30475644787676,25.077357289328113,9.887856182953781,0.009837838646445463,235.17199660254576
41.483342691735444,30.24861491662972,10.24435542952082,0.08846436013163488,133.822199094343
40.82593892483142,15.758127287340262,9.546585087492165,0.08344498072031016,83.95966844740526
73.99804520988866,42.34331953818155,10.04863605714565,0.007308973977082423,538.6280954827063
21.269344273322805,38.409574279770155,9.605065250650412,0.010475784049327586,45.379894199735084
34.9822967898785,64.26349031878189,9.884899823561197,0.05895248940923484,91.30682552762089
60.81935035382167,60.03260354138902,10.046888261279733,0.06481151242513068,298.64111205653955
93.36907758299861,34.10006075546553,9.514336029547483,0.035087531367675895,821.4194396661937
35.96327682480711,52.72165889431675,9.718295242147722,0.04057611450297515,123.17877444744144
81.0447041107083,35.64485493479391,10.087220473352186,0.026128106195011117,600.8284233583817
15.472560676711876,31.845154351248812,10.473717217726483,0.022203087946698053,20.03956422493741
51.91936861537442,32.93037047914548,9.878432652097025,0.006218136526691776,247.47362252276565
22.88313302415357,16.463761565635323,9.547249214345925,0.04125266356955022,28.608728133913754
16.3993723324184,78.25039518416409,10.120865104129527,0.01992035191287163,10.386552503323209
53.23815049851605,76.75542874006062,9.946747976184565,0.025070847465789393,123.94785279965792
73.5775549869858,24.326545018114928,10.080931442902711,0.0904580040159826,368.2855260252123
60.020282842513495,25.12479898245845,9.52379241496969,0.05179674050080313,276.13762576904674
21.783727926234445,12.944331282874824,10.35122069761271,0.05593729088459191,18.927225995183342
76.96654364089284,37.64500288407868,9.864707268883729,0.026576020926213386,565.5939754174875
92.22700630903547,54.136612136120235,10.061444991561052,0.04327761385402467,768.7561229947014
86.50250739142056,13.677031379153792,10.268512790764573,0.0934525547104382,304.9565208014962
28.858461654857432,24.918354654172624,9.993663714739647,0.0030815406752084055,63.48859406657944
40.37748036827438,37.74726311667032,9.667111049094842,0.08341927326413143,150.20488280367937
60.47274778665065,53.86389210060394,10.133752786533158,0.017415883166064097,337.7977996811798
31.291131349554647,23.768523226686867,10.205025153083696,0.09093380983861715,64.62855259815622
19.969145369190997,18.487954233508034,9.663640508190497,0.03144535810324428,24.051503620330617
93.31109119211429,78.73589039095552,10.0496135226962,0.02777655641234569,322.8565987666973
75.04770068005956,15.108117082359222,10.15492919813354,0.0710562618697441,259.977104988714
87.43798620992844,78.93028502895024,10.011450871252054,0.07483952436265237,267.044103255184
15.221758986978898,30.24683674055693,9.973754009898176,0.07692229161975392,18.72120264551509
33.45912023265129,64.1154638215049,10.097008480324883,0.003013950659447129,86.83329078984292
81.45700227010617,68.05423250274987,10.097026035492561,0.06946616555601241,425.02345272944183
32.350138744537716,58.79503238264516,10.113254512657498,0.00638308331248314,91.13014931102524
21.615691704919747,47.69558636279029,9.636834269827878,0.024171430047429943,47.11736358880808
54.488971327185155,10.423632137263956,10.407955883185247,0.05705404900304978,95.89029448584577
88.0127141272668,45.10735305670162,9.706573541732634,0.07883172866371913,737.5401112766915
63.44941832698186,56.276231769089925,9.669406831731473,0.08494194043802518,353.19622612726204
10.363119928428299,23.217704628591715,9.52848847603864,0.07434139332570419,7.581725515935061
62.133929198126516,31.71377623867667,10.082937093885048,0.08412285329121158,314.81357053694114
62.640509046212294,14.583000300356513,9.52548833926313,0.046727318527346885,191.58581791265127
79.54674681245035,17.90769235541831,10.00444233566392,0.00022664844923114824,370.0322837732041
45.47333420725815,73.80992552163431,9.785315605629773,0.08029994618020742,104.43646738487843
88.62404306085338,34.75331442574926,10.490640054533213,0.007694646391720839,695.9303833742538
82.95668235740068,53.64733145186229,9.62294642986375,0.07322719975517022,634.5994496306223
48.95231097692015,37.78060037250704,9.830568277091128,0.09216983084030034,215.27828425986263
51.79409104120304,67.14544024055544,9.509744069578636,0.04582188719316356,192.87922970630524
63.3898332894104,60.142988293746214,9.575760043936409,0.08610070582559864,332.46413804280166
78.83666418621053,11.698628953462357,9.707840404171996,0.017211928773025808,249.89814491481457
55.395747563350334,49.53907862451364,9.808217024006975,0.09918723329470053,279.7769958732796
11.337389136629405,55.27448293046666,9.682029413933575,0.0066649784800834055,12.348489063476402
14.79074396231263,53.062880176453326,10.043193560818516,0.05560048821693067,19.79376389247825
27.25554787793576,55.237862773400764,9.507633434117812,0.011247629933028736,72.37840279651134
40.46915740058698,37.80800100311688,9.9103249448271,0.08048213074556691,147.6983091960435
64.54367463771634,30.200163877819953,9.518875552415409,0.04739995693776812,362.91477607045204
99.96776667264595,70.92979659127062,10.258274619799195,0.05792016354170285,567.7955624910733
51.08426545357639,53.49401722952881,9.911722425465415,0.050403756095761455,239.4192884747668
